<?xml version='1.0' encoding='UTF-8'?>
<?artifactRepository version='1.1.0'?>
<repository name='Bundle pool' type='org.eclipse.equinox.p2.artifact.repository.simpleRepository' version='1'>
  <properties size='2'>
    <property name='p2.system' value='true'/>
    <property name='p2.timestamp' value='1386440948167'/>
  </properties>
  <mappings size='3'>
    <rule filter='(&amp; (classifier=osgi.bundle))' output='${repoUrl}/plugins/${id}_${version}.jar'/>
    <rule filter='(&amp; (classifier=binary))' output='${repoUrl}/binary/${id}_${version}'/>
    <rule filter='(&amp; (classifier=org.eclipse.update.feature))' output='${repoUrl}/features/${id}_${version}.jar'/>
  </mappings>
  <artifacts size='100'>
    <artifact classifier='osgi.bundle' id='org.eclipse.jetty.continuation' version='7.5.1.v20110908'>
      <properties size='1'>
        <property name='download.size' value='25465'/>
      </properties>
    </artifact>
    <artifact classifier='osgi.bundle' id='org.apache.lucene.memory' version='2.9.1.v20100421-0704'>
      <properties size='1'>
        <property name='download.size' value='72720'/>
      </properties>
    </artifact>
    <artifact classifier='osgi.bundle' id='org.eclipse.core.runtime.compatibility.registry' version='3.5.0.v20110505'>
      <properties size='1'>
        <property name='download.size' value='16898'/>
      </properties>
      <repositoryProperties size='1'>
        <property name='artifact.folder' value='true'/>
      </repositoryProperties>
    </artifact>
    <artifact classifier='osgi.bundle' id='org.eclipse.core.jobs' version='3.5.101.v20120113-1953'>
      <properties size='1'>
        <property name='download.size' value='91069'/>
      </properties>
    </artifact>
    <artifact classifier='osgi.bundle' id='org.eclipse.emf.ecore' version='2.7.0.v20120127-1122'>
      <properties size='1'>
        <property name='download.size' value='1108017'/>
      </properties>
    </artifact>
    <artifact classifier='osgi.bundle' id='org.apache.lucene.analysis' version='2.9.1.v201101211721'>
      <properties size='1'>
        <property name='download.size' value='216089'/>
      </properties>
    </artifact>
    <artifact classifier='osgi.bundle' id='com.ibm.icu' version='4.4.2.v20110823'>
      <properties size='1'>
        <property name='download.size' value='6701203'/>
      </properties>
    </artifact>
    <artifact classifier='osgi.bundle' id='org.eclipse.equinox.http.registry' version='1.1.100.v20110502'>
      <properties size='1'>
        <property name='download.size' value='43999'/>
      </properties>
    </artifact>
    <artifact classifier='osgi.bundle' id='org.eclipse.jetty.security' version='7.5.1.v20110908'>
      <properties size='1'>
        <property name='download.size' value='92662'/>
      </properties>
    </artifact>
    <artifact classifier='osgi.bundle' id='org.eclipse.ant.core' version='3.2.302.v20120110-1739'>
      <properties size='1'>
        <property name='download.size' value='97869'/>
      </properties>
    </artifact>
    <artifact classifier='osgi.bundle' id='org.rulez.magwas.zenta.metamodel' version='2.4.0.201312071827'>
      <properties size='1'>
        <property name='download.size' value='93813'/>
      </properties>
    </artifact>
    <artifact classifier='osgi.bundle' id='javax.servlet' version='2.5.0.v201103041518'>
      <properties size='1'>
        <property name='download.size' value='119303'/>
      </properties>
    </artifact>
    <artifact classifier='osgi.bundle' id='org.eclipse.jdt.core.compiler.batch' version='3.7.0.M20110909-1335'>
      <properties size='1'>
        <property name='download.size' value='1713524'/>
      </properties>
    </artifact>
    <artifact classifier='osgi.bundle' id='org.slf4j.jcl' version='1.6.1.v20100831-0715'>
      <properties size='1'>
        <property name='download.size' value='23579'/>
      </properties>
    </artifact>
    <artifact classifier='osgi.bundle' id='org.eclipse.draw2d' version='3.7.2.v20111017-2020'>
      <properties size='1'>
        <property name='download.size' value='561537'/>
      </properties>
    </artifact>
    <artifact classifier='osgi.bundle' id='org.apache.jasper.glassfish' version='2.1.0.v201105210816'>
      <properties size='1'>
        <property name='download.size' value='677371'/>
      </properties>
    </artifact>
    <artifact classifier='osgi.bundle' id='org.eclipse.update.configurator' version='3.3.100.v20100512'>
      <properties size='1'>
        <property name='download.size' value='99908'/>
      </properties>
    </artifact>
    <artifact classifier='osgi.bundle' id='org.eclipse.jetty.io' version='7.5.1.v20110908'>
      <properties size='1'>
        <property name='download.size' value='100634'/>
      </properties>
    </artifact>
    <artifact classifier='osgi.bundle' id='org.eclipse.emf.ecore.xmi' version='2.7.0.v20120127-1122'>
      <properties size='1'>
        <property name='download.size' value='221209'/>
      </properties>
    </artifact>
    <artifact classifier='osgi.bundle' id='org.slf4j.api' version='1.6.1.v20100831-0715'>
      <properties size='1'>
        <property name='download.size' value='33745'/>
      </properties>
    </artifact>
    <artifact classifier='osgi.bundle' id='org.eclipse.equinox.util' version='1.0.300.v20110502'>
      <properties size='1'>
        <property name='download.size' value='76820'/>
      </properties>
    </artifact>
    <artifact classifier='osgi.bundle' id='javax.el' version='2.1.0.v201105211819'>
      <properties size='1'>
        <property name='download.size' value='69406'/>
      </properties>
    </artifact>
    <artifact classifier='osgi.bundle' id='org.apache.lucene.queries' version='2.9.1.v20100421-0704'>
      <properties size='1'>
        <property name='download.size' value='51538'/>
      </properties>
    </artifact>
    <artifact classifier='osgi.bundle' id='org.apache.lucene.misc' version='2.9.1.v20100421-0704'>
      <properties size='1'>
        <property name='download.size' value='76670'/>
      </properties>
    </artifact>
    <artifact classifier='osgi.bundle' id='org.eclipse.osgi' version='3.7.2.v20120110-1415'>
      <properties size='1'>
        <property name='download.size' value='1364409'/>
      </properties>
    </artifact>
    <artifact classifier='osgi.bundle' id='org.eclipse.net4j.jms.api' version='3.0.1.v20110818-0811'>
      <properties size='1'>
        <property name='download.size' value='45876'/>
      </properties>
      <repositoryProperties size='1'>
        <property name='artifact.folder' value='true'/>
      </repositoryProperties>
    </artifact>
    <artifact classifier='osgi.bundle' id='org.mortbay.jetty.util' version='6.1.23.v201012071420'>
      <properties size='1'>
        <property name='download.size' value='193298'/>
      </properties>
    </artifact>
    <artifact classifier='osgi.bundle' id='org.eclipse.equinox.jsp.jasper' version='1.0.300.v20110502'>
      <properties size='1'>
        <property name='download.size' value='25532'/>
      </properties>
    </artifact>
    <artifact classifier='osgi.bundle' id='org.eclipse.equinox.launcher.gtk.linux.x86' version='1.1.100.v20110505'>
      <properties size='1'>
        <property name='download.size' value='73673'/>
      </properties>
      <repositoryProperties size='1'>
        <property name='artifact.folder' value='true'/>
      </repositoryProperties>
    </artifact>
    <artifact classifier='osgi.bundle' id='org.eclipse.swt.gtk.linux.x86' version='3.7.2.v3740f'>
      <properties size='1'>
        <property name='download.size' value='2305649'/>
      </properties>
    </artifact>
    <artifact classifier='osgi.bundle' id='org.eclipse.emf.common' version='2.7.0.v20120127-1122'>
      <properties size='1'>
        <property name='download.size' value='213371'/>
      </properties>
    </artifact>
    <artifact classifier='osgi.bundle' id='org.rulez.magwas.zenta.widgets' version='2.4.0.201312071827'>
      <properties size='1'>
        <property name='download.size' value='269226'/>
      </properties>
    </artifact>
    <artifact classifier='osgi.bundle' id='org.eclipse.equinox.common' version='3.6.0.v20110523'>
      <properties size='1'>
        <property name='download.size' value='105624'/>
      </properties>
    </artifact>
    <artifact classifier='osgi.bundle' id='ch.qos.logback.core' version='0.9.27.v20110224-1110'>
      <properties size='1'>
        <property name='download.size' value='330045'/>
      </properties>
    </artifact>
    <artifact classifier='osgi.bundle' id='org.eclipse.help.webapp' version='3.6.1.r37_20110929'>
      <properties size='1'>
        <property name='download.size' value='586844'/>
      </properties>
    </artifact>
    <artifact classifier='osgi.bundle' id='org.apache.commons.el' version='1.0.0.v201101211617'>
      <properties size='1'>
        <property name='download.size' value='128684'/>
      </properties>
    </artifact>
    <artifact classifier='osgi.bundle' id='org.eclipse.ui.views' version='3.6.0.v20110928-1505'>
      <properties size='1'>
        <property name='download.size' value='90155'/>
      </properties>
    </artifact>
    <artifact classifier='osgi.bundle' id='org.eclipse.equinox.event' version='1.2.100.v20110502'>
      <properties size='1'>
        <property name='download.size' value='32525'/>
      </properties>
    </artifact>
    <artifact classifier='osgi.bundle' id='org.eclipse.equinox.launcher' version='1.2.0.v20110502'>
      <properties size='1'>
        <property name='download.size' value='47262'/>
      </properties>
    </artifact>
    <artifact classifier='osgi.bundle' id='org.eclipse.equinox.app' version='1.3.100.v20110321'>
      <properties size='1'>
        <property name='download.size' value='85218'/>
      </properties>
    </artifact>
    <artifact classifier='osgi.bundle' id='org.eclipse.jetty.servlet' version='7.5.1.v20110908'>
      <properties size='1'>
        <property name='download.size' value='93563'/>
      </properties>
    </artifact>
    <artifact classifier='osgi.bundle' id='org.mortbay.jetty.server' version='6.1.23.v201012071420'>
      <properties size='1'>
        <property name='download.size' value='557887'/>
      </properties>
    </artifact>
    <artifact classifier='osgi.bundle' id='org.eclipse.ui' version='3.7.0.v20110928-1505'>
      <properties size='1'>
        <property name='download.size' value='153179'/>
      </properties>
    </artifact>
    <artifact classifier='osgi.bundle' id='org.eclipse.rcp' version='3.7.2.v201202080800'>
      <properties size='1'>
        <property name='download.size' value='14149'/>
      </properties>
    </artifact>
    <artifact classifier='osgi.bundle' id='org.eclipse.ui.views.properties.tabbed' version='3.5.200.v20110928-1505'>
      <properties size='1'>
        <property name='download.size' value='104196'/>
      </properties>
    </artifact>
    <artifact classifier='osgi.bundle' id='org.rulez.magwas.zenta.templates' version='2.4.0.201312071827'>
      <properties size='1'>
        <property name='download.size' value='173978'/>
      </properties>
    </artifact>
    <artifact classifier='osgi.bundle' id='org.rulez.magwas.zenta.browser' version='2.2.0.201312071827'>
      <properties size='1'>
        <property name='download.size' value='10250'/>
      </properties>
    </artifact>
    <artifact classifier='osgi.bundle' id='org.eclipse.equinox.ds' version='1.3.1.R37x_v20110701'>
      <properties size='1'>
        <property name='download.size' value='189350'/>
      </properties>
    </artifact>
    <artifact classifier='osgi.bundle' id='org.eclipse.core.runtime.compatibility' version='3.2.100.v20100505'>
      <properties size='1'>
        <property name='download.size' value='92809'/>
      </properties>
    </artifact>
    <artifact classifier='osgi.bundle' id='org.apache.lucene' version='2.9.1.v201101211721'>
      <properties size='1'>
        <property name='download.size' value='71018'/>
      </properties>
    </artifact>
    <artifact classifier='osgi.bundle' id='org.eclipse.equinox.jsp.jasper.registry' version='1.0.200.v20100503'>
      <properties size='1'>
        <property name='download.size' value='11131'/>
      </properties>
    </artifact>
    <artifact classifier='osgi.bundle' id='org.eclipse.help.base' version='3.6.2.v201202080800'>
      <properties size='1'>
        <property name='download.size' value='414162'/>
      </properties>
    </artifact>
    <artifact classifier='osgi.bundle' id='org.eclipse.osgi.services' version='3.3.0.v20110513'>
      <properties size='1'>
        <property name='download.size' value='71157'/>
      </properties>
    </artifact>
    <artifact classifier='osgi.bundle' id='org.apache.lucene.snowball' version='2.9.1.v20100421-0704'>
      <properties size='1'>
        <property name='download.size' value='131185'/>
      </properties>
    </artifact>
    <artifact classifier='osgi.bundle' id='org.eclipse.core.resources' version='3.7.101.v20120125-1505'>
      <properties size='1'>
        <property name='download.size' value='807241'/>
      </properties>
    </artifact>
    <artifact classifier='osgi.bundle' id='org.eclipse.core.runtime' version='3.7.0.v20110110'>
      <properties size='1'>
        <property name='download.size' value='70526'/>
      </properties>
    </artifact>
    <artifact classifier='osgi.bundle' id='org.eclipse.core.filesystem' version='1.3.100.v20110423-0524'>
      <properties size='1'>
        <property name='download.size' value='53218'/>
      </properties>
    </artifact>
    <artifact classifier='osgi.bundle' id='org.eclipse.core.databinding' version='1.4.0.I20110111-0800'>
      <properties size='1'>
        <property name='download.size' value='200967'/>
      </properties>
    </artifact>
    <artifact classifier='osgi.bundle' id='org.eclipse.jetty.jmx' version='7.5.1.v20110908'>
      <properties size='1'>
        <property name='download.size' value='28027'/>
      </properties>
    </artifact>
    <artifact classifier='osgi.bundle' id='org.eclipse.jetty.util' version='7.5.1.v20110908'>
      <properties size='1'>
        <property name='download.size' value='224802'/>
      </properties>
    </artifact>
    <artifact classifier='osgi.bundle' id='org.apache.lucene.core' version='2.9.1.v201101211721'>
      <properties size='1'>
        <property name='download.size' value='1168475'/>
      </properties>
    </artifact>
    <artifact classifier='osgi.bundle' id='javax.mail' version='1.4.0.v201005080615'>
      <properties size='1'>
        <property name='download.size' value='320960'/>
      </properties>
    </artifact>
    <artifact classifier='osgi.bundle' id='org.eclipse.help.ui' version='3.5.101.r37_20110819'>
      <properties size='1'>
        <property name='download.size' value='509522'/>
      </properties>
    </artifact>
    <artifact classifier='osgi.bundle' id='org.eclipse.ui.forms' version='3.5.101.v20111011-1919'>
      <properties size='1'>
        <property name='download.size' value='300905'/>
      </properties>
    </artifact>
    <artifact classifier='osgi.bundle' id='org.eclipse.ui.workbench' version='3.7.1.v20120104-1859'>
      <properties size='1'>
        <property name='download.size' value='4166247'/>
      </properties>
    </artifact>
    <artifact classifier='osgi.bundle' id='org.eclipse.equinox.http.servlet' version='1.1.200.v20110502'>
      <properties size='1'>
        <property name='download.size' value='42552'/>
      </properties>
    </artifact>
    <artifact classifier='osgi.bundle' id='org.rulez.magwas.zenta.export' version='2.2.0.201312071827'>
      <properties size='1'>
        <property name='download.size' value='1911623'/>
      </properties>
    </artifact>
    <artifact classifier='osgi.bundle' id='org.eclipse.jetty.http' version='7.5.1.v20110908'>
      <properties size='1'>
        <property name='download.size' value='120485'/>
      </properties>
    </artifact>
    <artifact classifier='osgi.bundle' id='org.eclipse.ui.cheatsheets' version='3.4.100.v20110425'>
      <properties size='1'>
        <property name='download.size' value='328979'/>
      </properties>
    </artifact>
    <artifact classifier='osgi.bundle' id='javax.servlet.jsp' version='2.1.0.v201105211820'>
      <properties size='1'>
        <property name='download.size' value='115631'/>
      </properties>
    </artifact>
    <artifact classifier='osgi.bundle' id='org.eclipse.jetty.server' version='7.5.1.v20110908'>
      <properties size='1'>
        <property name='download.size' value='316228'/>
      </properties>
    </artifact>
    <artifact classifier='osgi.bundle' id='org.rulez.magwas.zenta.canvas' version='2.4.0.201312071827'>
      <properties size='1'>
        <property name='download.size' value='191861'/>
      </properties>
    </artifact>
    <artifact classifier='osgi.bundle' id='org.eclipse.equinox.preferences' version='3.4.2.v20120111-2020'>
      <properties size='1'>
        <property name='download.size' value='113791'/>
      </properties>
    </artifact>
    <artifact classifier='osgi.bundle' id='org.rulez.magwas.zenta.help' version='2.4.0.201312071827'>
      <properties size='1'>
        <property name='download.size' value='3426032'/>
      </properties>
    </artifact>
    <artifact classifier='osgi.bundle' id='ch.qos.logback.classic' version='0.9.27.v20110224-1110'>
      <properties size='1'>
        <property name='download.size' value='252287'/>
      </properties>
    </artifact>
    <artifact classifier='osgi.bundle' id='javax.activation' version='1.1.0.v201108011116'>
      <properties size='1'>
        <property name='download.size' value='54434'/>
      </properties>
    </artifact>
    <artifact classifier='osgi.bundle' id='ch.qos.logback.slf4j' version='0.9.27.v20110224-1110'>
      <properties size='1'>
        <property name='download.size' value='10236'/>
      </properties>
    </artifact>
    <artifact classifier='osgi.bundle' id='org.eclipse.swt' version='3.7.2.v3740f'>
      <properties size='1'>
        <property name='download.size' value='17332'/>
      </properties>
    </artifact>
    <artifact classifier='osgi.bundle' id='org.eclipse.core.commands' version='3.6.0.I20110111-0800'>
      <properties size='1'>
        <property name='download.size' value='107303'/>
      </properties>
    </artifact>
    <artifact classifier='osgi.bundle' id='uk.ac.bolton.jdom' version='1.1.1.201312071827'>
      <properties size='1'>
        <property name='download.size' value='3129745'/>
      </properties>
    </artifact>
    <artifact classifier='osgi.bundle' id='org.apache.jasper' version='5.5.17.v201101211617'>
      <properties size='1'>
        <property name='download.size' value='1722563'/>
      </properties>
    </artifact>
    <artifact classifier='osgi.bundle' id='org.eclipse.jface.databinding' version='1.5.0.I20100907-0800'>
      <properties size='1'>
        <property name='download.size' value='275458'/>
      </properties>
    </artifact>
    <artifact classifier='osgi.bundle' id='org.eclipse.core.contenttype' version='3.4.100.v20110423-0524'>
      <properties size='1'>
        <property name='download.size' value='91961'/>
      </properties>
    </artifact>
    <artifact classifier='osgi.bundle' id='org.apache.lucene.highlighter' version='2.9.1.v20100421-0704'>
      <properties size='1'>
        <property name='download.size' value='64508'/>
      </properties>
    </artifact>
    <artifact classifier='osgi.bundle' id='org.eclipse.core.variables' version='3.2.500.v20110928-1503'>
      <properties size='1'>
        <property name='download.size' value='33061'/>
      </properties>
    </artifact>
    <artifact classifier='osgi.bundle' id='javax.servlet.jsp.jstl' version='1.2.0.v201105211821'>
      <properties size='1'>
        <property name='download.size' value='51761'/>
      </properties>
    </artifact>
    <artifact classifier='osgi.bundle' id='javax.servlet.jsp' version='2.0.0.v201101211617'>
      <properties size='1'>
        <property name='download.size' value='63887'/>
      </properties>
    </artifact>
    <artifact classifier='osgi.bundle' id='org.eclipse.jface' version='3.7.0.v20110928-1505'>
      <properties size='1'>
        <property name='download.size' value='1077135'/>
      </properties>
    </artifact>
    <artifact classifier='osgi.bundle' id='org.eclipse.core.expressions' version='3.4.300.v20110228'>
      <properties size='1'>
        <property name='download.size' value='86992'/>
      </properties>
    </artifact>
    <artifact classifier='osgi.bundle' id='org.rulez.magwas.zenta.editor' version='2.4.0.201312071827'>
      <properties size='1'>
        <property name='download.size' value='1183745'/>
      </properties>
    </artifact>
    <artifact classifier='osgi.bundle' id='org.eclipse.core.runtime.compatibility.auth' version='3.2.200.v20110110'>
      <properties size='1'>
        <property name='download.size' value='22838'/>
      </properties>
    </artifact>
    <artifact classifier='osgi.bundle' id='org.rulez.magwas.zenta.model' version='2.4.0.201312071827'>
      <properties size='1'>
        <property name='download.size' value='137102'/>
      </properties>
    </artifact>
    <artifact classifier='osgi.bundle' id='org.eclipse.equinox.http.jetty' version='2.0.100.v20110502'>
      <properties size='1'>
        <property name='download.size' value='24884'/>
      </properties>
    </artifact>
    <artifact classifier='osgi.bundle' id='org.eclipse.equinox.registry' version='3.5.101.R37x_v20110810-1611'>
      <properties size='1'>
        <property name='download.size' value='183035'/>
      </properties>
    </artifact>
    <artifact classifier='osgi.bundle' id='org.eclipse.gef' version='3.7.2.v20111106-2020'>
      <properties size='1'>
        <property name='download.size' value='838965'/>
      </properties>
    </artifact>
    <artifact classifier='osgi.bundle' id='org.apache.ant' version='1.8.2.v20120109-1030'>
      <properties size='1'>
        <property name='download.size' value='2234025'/>
      </properties>
      <repositoryProperties size='1'>
        <property name='artifact.folder' value='true'/>
      </repositoryProperties>
    </artifact>
    <artifact classifier='osgi.bundle' id='org.apache.lucene.spellchecker' version='2.9.1.v20100421-0704'>
      <properties size='1'>
        <property name='download.size' value='36144'/>
      </properties>
    </artifact>
    <artifact classifier='osgi.bundle' id='org.eclipse.core.databinding.property' version='1.4.0.I20110222-0800'>
      <properties size='1'>
        <property name='download.size' value='167964'/>
      </properties>
    </artifact>
    <artifact classifier='osgi.bundle' id='org.eclipse.help' version='3.5.100.v20110426'>
      <properties size='1'>
        <property name='download.size' value='257403'/>
      </properties>
    </artifact>
    <artifact classifier='osgi.bundle' id='org.eclipse.core.databinding.observable' version='1.4.0.I20110222-0800'>
      <properties size='1'>
        <property name='download.size' value='296139'/>
      </properties>
    </artifact>
  </artifacts>
</repository>
